{
    "siteName": "サイトタイトル",
    "pageTitle": "ページタイトル",
    "description":"ページ説明",
    "keywords": "キーワード",
    "author": "書いている人",
    "copyright":"Copyright ブランド名：サイト名",
    "siteRootURL": "http://www.exsample.com/sample/",
    "fbAdmins": "1234567890",
    "fbPageID": "1234567890",
    "fbAppID": "1234567890",
    "ogType": "website article blog どれか選ぶ",
    "tCreator": "ツイッターアカウント",
    "tImageS" : "ツイッター要画像URL:120×120",
    "tImageSL" : "ツイッター要画像URL:120×120",
    "tImageS" : "ツイッター要画像URL:120×120",
    "tImageS" : "ツイッター要画像URL:120×120",
    "stylesheet": "css/style.css",
    "altStyle2": "css/style2.css",
    "altStyle3": "css/style3.css",
    "fonts": "css/font-awesome.min.css",
    "Atom": "http://dtp.jdash.info/atom.xml",
    "feedsRSS": "http://feeds.jdash.info/jdashblog",
    "handheld": "http://blog.m.livedoor.jp/jdash/article/51947560",
    "rsd": "http://liginc.co.jp/xmlrpc.php?rsd",
    "wlwmanifest": "http://liginc.co.jp/wp-includes/wlwmanifest.xml",
    "shortcutIcon": "http://-------/favicon.ico",
    "appleTouchIcon":"http://------------/favicon.icon.png",
    "icon": "http://dtp.jdash.info/favicon.png",
    "itempropURL1":"パンくずリストURL第一階層",
    "itempropTITLE1": "パンくずリストURLタイトル",
    "breadcrumbs1": "パンくずリストサイト表示名：リンク",
    "itempropURL2":"パンくずリストURL第二階層",
    "itempropTITLE2": "パンくずリストURLタイトル",
    "breadcrumbs2": "パンくずリスト表示部分",
    "copyrightDATE": "© 2006-2015"
}